<?xml version="1.0" encoding="utf-8"?>
<openbox_menu xmlns="http://openbox.org/3.4/menu">
<menu id="root-menu" label="MENU">
<item label="Obsidian" icon="/usr/share/icons/hicolor/512x512/apps/obsidian.png"><action name="Execute"><command>/usr/bin/obsidian</command></action></item>
<item label="Chromium" icon="/usr/share/icons/hicolor/48x48/apps/chromium.png"><action name="Execute"><command>/usr/bin/chromium</command></action></item>
<item label="xterm" icon="/usr/share/pixmaps/xterm-color_48x48.xpm"><action name="Execute"><command>/usr/bin/xterm</command></action></item>
</menu>
</openbox_menu>
